time,day_of_the_year,TotB,JuvB,AdB,f,deadJ_nat,deadJ_old,deadJ_starved
0,1.0,0.0,0.0,0.0,1.0,0,0,0
1,2.0,9340.702550984246,9340.702550984246,0.0,1.0,35,0,0
2,3.0,9719.42479208747,9719.42479208747,0.0,1.0,74,0,0
3,4.0,10114.283400631848,10114.283400631848,0.0,1.0,102,0,0
4,5.0,10518.562305228408,10518.562305228408,0.0,1.0,127,0,0
5,6.0,10909.258223120145,10909.258223120145,0.0,1.0,170,0,0
6,7.0,11318.609187299062,11318.609187299062,0.0,1.0,202,0,0
7,8.0,11737.827481381155,11737.827481381155,0.0,1.0,230,0,0
8,9.0,12163.087247866388,12163.087247866388,0.0,1.0,257,0,0
9,10.0,12600.304422406452,12600.304422406452,0.0,1.0,278,0,0
10,11.0,13051.758365512509,13051.758365512509,0.0,1.0,294,0,0
11,12.0,13502.555530938156,13502.555530938156,0.0,1.0,316,0,0
12,13.0,13957.417229977056,13957.417229977056,0.0,1.0,339,0,0
13,14.0,14398.93613234318,14398.93613234318,0.0,1.0,375,0,0
14,15.0,14856.283918054456,14856.283918054456,0.0,1.0,405,0,0
15,16.0,15309.68237421563,15309.68237421563,0.0,1.0,438,0,0
16,17.0,15791.783727868124,15791.783727868124,0.0,1.0,459,0,0
17,18.0,16282.150767087302,16282.150767087302,0.0,1.0,479,0,0
18,19.0,16767.742801518685,16767.742801518685,0.0,1.0,505,0,0
19,20.0,17262.924742000687,17262.924742000687,0.0,1.0,527,0,0
20,21.0,17735.967386621218,17735.967386621218,0.0,1.0,564,0,0
21,22.0,18227.54315925678,18227.54315925678,0.0,1.0,594,0,0
22,23.0,18751.454854168223,18751.454854168223,0.0,1.0,613,0,0
23,24.0,19258.452957112197,19258.452957112197,0.0,1.0,642,0,0
24,25.0,19767.862110731974,19767.862110731974,0.0,1.0,672,0,0
25,26.0,20295.313144479092,20295.313144479092,0.0,1.0,696,0,0
26,27.0,20811.25241644493,20811.25241644493,0.0,1.0,727,0,0
27,28.0,21347.724856876568,21347.724856876568,0.0,1.0,753,0,0
28,29.0,21865.106171287895,21865.106171287895,0.0,1.0,788,0,0
29,30.0,22418.759795963888,22418.759795963888,0.0,1.0,810,0,0
30,31.0,22932.77794805799,22932.77794805799,0.0,1.0,850,0,0
31,32.0,23489.183881731413,23489.183881731413,0.0,1.0,875,0,0
32,33.0,24044.038460882955,24044.038460882955,0.0,1.0,903,0,0
33,34.0,24589.83264490099,24589.83264490099,0.0,1.0,936,0,0
34,35.0,25171.16037890464,25171.16037890464,0.0,1.0,957,0,0
35,36.0,25761.10532488318,25761.10532488318,0.0,1.0,978,0,0
36,37.0,26343.652014701387,26343.652014701387,0.0,1.0,1003,0,0
37,38.0,26934.64544598419,26934.64544598419,0.0,1.0,1026,0,0
38,39.0,27537.83659402721,27537.83659402721,0.0,1.0,1048,0,0
39,40.0,28138.777513756002,28138.777513756002,0.0,1.0,1072,0,0
40,41.0,28747.622069931327,28747.622069931327,0.0,1.0,1095,0,0
41,42.0,29361.805193294218,29361.805193294218,0.0,1.0,1118,0,0
42,43.0,29981.18685164404,29981.18685164404,0.0,1.0,1141,0,0
43,44.0,30599.18163057935,30599.18163057935,0.0,1.0,1166,0,0
44,45.0,31255.961987173476,31255.961987173476,0.0,1.0,1181,0,0
45,46.0,31882.57695674111,31882.57695674111,0.0,1.0,1207,0,0
46,47.0,32484.714517982433,32484.714517982433,0.0,1.0,1239,0,0
47,48.0,33143.09791093002,33143.09791093002,0.0,1.0,1258,0,0
48,49.0,33769.65071403397,33769.65071403397,0.0,1.0,1285,0,0
49,50.0,34389.179523392064,34389.179523392064,0.0,1.0,1316,0,0
50,51.0,35034.50918119702,35034.50918119702,0.0,1.0,1342,0,0
51,52.0,35680.63027336654,35680.63027336654,0.0,1.0,1368,0,0
52,53.0,36301.616559970964,36301.616559970964,0.0,1.0,1402,0,0
53,54.0,36989.79887082471,36989.79887082471,0.0,1.0,1420,0,0
54,55.0,37618.63569446597,37618.63569446597,0.0,1.0,1452,0,0
55,56.0,38281.41853905838,38281.41853905838,0.0,1.0,1477,0,0
56,57.0,38939.360736309885,38939.360736309885,0.0,1.0,1505,0,0
57,58.0,39630.27970938679,39630.27970938679,0.0,1.0,1526,0,0
58,59.0,40305.64868924569,40305.64868924569,0.0,1.0,1550,0,0
59,60.0,40995.38661104285,40995.38661104285,0.0,1.0,1573,0,0
60,61.0,41706.45245928949,41706.45245928949,0.0,1.0,1592,0,0
61,62.0,42449.980549861495,42449.980549861495,0.0,1.0,1605,0,0
62,63.0,43142.61777403116,43142.61777403116,0.0,1.0,1629,0,0
63,64.0,43821.78139241807,43821.78139241807,0.0,1.0,1657,0,0
64,65.0,44508.626010584114,44508.626010584114,0.0,1.0,1683,0,0
65,66.0,45242.76546451027,45242.76546451027,0.0,1.0,1701,0,0
66,67.0,45933.260948516894,45933.260948516894,0.0,1.0,1728,0,0
67,68.0,46625.26977256533,46625.26977256533,0.0,1.0,1754,0,0
68,69.0,47329.77084011819,47329.77084011819,0.0,1.0,1779,0,0
69,70.0,48060.04563934503,48060.04563934503,0.0,1.0,1800,0,0
70,71.0,48767.835534938364,48767.835534938364,0.0,1.0,1825,0,0
71,72.0,49489.21574090867,49489.21574090867,0.0,1.0,1848,0,0
72,73.0,50267.02778595837,50267.02778595837,0.0,1.0,1862,0,0
73,74.0,50991.244448306265,50991.244448306265,0.0,1.0,1886,0,0
74,75.0,51712.609966494965,51712.609966494965,0.0,1.0,1911,0,0
75,76.0,52503.24500885148,52503.24500885148,0.0,1.0,1925,0,0
76,77.0,53266.370212479065,53266.370212479065,0.0,1.0,1944,0,0
77,78.0,53968.40590802435,53968.40590802435,0.0,1.0,1972,0,0
78,79.0,54708.97545589483,54708.97545589483,0.0,1.0,1995,0,0
79,80.0,55466.59637612287,55466.59637612287,0.0,1.0,2015,0,0
80,81.0,56172.23498149657,56172.23498149657,0.0,1.0,2043,0,0
81,82.0,56885.337660014935,56885.337660014935,0.0,1.0,2070,0,0
82,83.0,57653.753379154085,57653.753379154085,0.0,1.0,2090,0,0
83,84.0,58425.46747320412,58425.46747320412,0.0,1.0,2110,0,0
84,85.0,59209.857160248415,59209.857160248415,0.0,1.0,2129,0,0
85,86.0,59971.962700609074,59971.962700609074,0.0,1.0,2151,0,0
86,87.0,60730.59028647889,60730.59028647889,0.0,1.0,2173,0,0
87,88.0,61504.182758654155,61504.182758654155,0.0,1.0,2194,0,0
88,89.0,62200.602765731855,62200.602765731855,0.0,1.0,2224,0,0
89,90.0,62952.88511787562,62952.88511787562,0.0,1.0,2247,0,0
90,91.0,63738.518335369605,63738.518335369605,0.0,1.0,2267,0,0
91,92.0,64529.595416046286,64529.595416046286,0.0,1.0,2285,0,0
92,93.0,65270.59993976214,65270.59993976214,0.0,1.0,2311,0,0
93,94.0,66004.46631585907,66004.46631585907,0.0,1.0,2337,0,0
94,95.0,66835.90242715244,66835.90242715244,0.0,1.0,2352,0,0
95,96.0,67627.38349607354,67627.38349607354,0.0,1.0,2372,0,0
96,97.0,68379.8913428176,68379.8913428176,0.0,1.0,2397,0,0
97,98.0,69130.41396410287,69130.41396410287,0.0,1.0,2421,0,0
98,99.0,69904.37852331111,69904.37852331111,0.0,1.0,2442,0,0
99,100.0,70688.5868614078,70688.5868614078,0.0,1.0,2463,0,0
100,101.0,71500.87436515586,71500.87436515586,0.0,1.0,2481,0,0
101,102.0,72235.23353767919,72235.23353767919,0.0,1.0,2507,0,0
102,103.0,72977.61782211966,72977.61782211966,0.0,1.0,2532,0,0
103,104.0,73788.02054356287,73788.02054356287,0.0,1.0,2550,0,0
104,105.0,74563.66404244507,74563.66404244507,0.0,1.0,2572,0,0
105,106.0,75278.85312284672,58050.0080000768,17228.845122769915,1.0,2600,0,0
106,107.0,75934.14568847425,58527.1966753222,17406.949013152058,1.0,2631,0,0
107,108.0,76685.47999505495,59124.03854746912,17561.44144758583,1.0,2650,0,0
108,109.0,77382.63446902188,59655.35319500406,17727.281274017812,1.0,2675,0,0
109,110.0,78209.01119154289,60279.87712647392,17929.134065068967,1.0,2691,0,0
110,111.0,79080.74717788455,60924.652997617224,18156.094180267322,1.0,2705,0,0
111,112.0,79836.79892760374,61514.67582952491,18322.12309807883,1.0,2724,0,0
112,113.0,80592.49412194874,62054.41313134246,18538.080990606275,1.0,2748,0,0
113,114.0,81320.63958053055,62731.27258136039,18589.36699917015,1.0,2759,0,0
114,115.0,82039.16117102688,63298.62448806057,18740.536682966318,1.0,2780,0,0
115,116.0,82831.02557902347,63887.88455103074,18943.141027992744,1.0,2799,0,0
116,117.0,83598.90110727504,56037.84427519946,27561.056832075603,1.0,2814,0,0
117,118.0,84276.82037522033,48274.3371111508,36002.483264069524,1.0,2833,0,0
118,119.0,85126.34250889457,40269.338853053036,44857.00365584153,1.0,2841,0,0
119,120.0,85855.12818413676,40623.21508894944,45231.91309518732,1.0,2854,0,0
120,121.0,86655.43116555038,40987.74853173877,45667.68263381163,1.0,2866,0,0
121,122.0,87457.75349440268,32766.74086419555,54691.01263020713,1.0,2879,0,0
122,123.0,88270.67759289451,24427.48849076268,63843.18910213183,1.0,2887,0,0
123,124.0,89103.45372283777,24643.21907995001,64460.23464288777,1.0,2894,0,0
124,125.0,89886.2577099393,16255.304027811697,73630.9536821276,1.0,2898,0,0
125,126.0,90774.13143500398,16416.219127604752,74357.91230739922,1.0,2901,0,0
126,127.0,91613.85590562776,16552.831395748533,75061.02450987922,1.0,2906,0,0
127,128.0,92482.8869540758,0.0,92482.8869540758,1.0,2910,0,0
128,129.0,93316.97661975527,0.0,93316.97661975527,1.0,2910,0,0
129,130.0,94170.99462714493,0.0,94170.99462714493,1.0,2910,0,0
130,131.0,94945.95980629727,0.0,94945.95980629727,1.0,2910,0,0
131,132.0,95802.92615701002,0.0,95802.92615701002,1.0,2910,0,0
132,133.0,96677.45805695622,0.0,96677.45805695622,1.0,2910,0,0
133,134.0,97617.68463563823,0.0,97617.68463563823,1.0,2910,0,0
134,135.0,98463.62731409128,0.0,98463.62731409128,1.0,2910,0,0
135,136.0,99276.42866672316,0.0,99276.42866672316,1.0,2910,0,0
136,137.0,100068.06413848,0.0,100068.06413848,1.0,2910,0,0
137,138.0,100807.7134911343,0.0,100807.7134911343,1.0,2910,0,0
138,139.0,101676.4404955718,0.0,101676.4404955718,1.0,2910,0,0
139,140.0,102486.51746770016,0.0,102486.51746770016,1.0,2910,0,0
140,141.0,103389.85451796114,0.0,103389.85451796114,1.0,2910,0,0
141,142.0,104308.66435788604,0.0,104308.66435788604,1.0,2910,0,0
142,143.0,105158.1768125144,0.0,105158.1768125144,1.0,2910,0,0
143,144.0,106016.40927648977,0.0,106016.40927648977,1.0,2910,0,0
144,145.0,106823.9678977941,0.0,106823.9678977941,1.0,2910,0,0
145,146.0,107741.3080975021,0.0,107741.3080975021,1.0,2910,0,0
146,147.0,108627.92007774863,0.0,108627.92007774863,1.0,2910,0,0
147,148.0,109384.4659079383,0.0,109384.4659079383,1.0,2910,0,0
148,149.0,110237.75011548625,0.0,110237.75011548625,1.0,2910,0,0
149,150.0,111162.64938262162,0.0,111162.64938262162,1.0,2910,0,0
150,151.0,111903.12440225088,0.0,111903.12440225088,1.0,2910,0,0
151,152.0,112660.77437787483,0.0,112660.77437787483,1.0,2910,0,0
152,153.0,113577.35934407965,0.0,113577.35934407965,1.0,2910,0,0
153,154.0,114487.50392047814,0.0,114487.50392047814,1.0,2910,0,0
154,155.0,115190.30662418075,0.0,115190.30662418075,1.0,2910,0,0
155,156.0,116008.56955411831,0.0,116008.56955411831,1.0,2910,0,0
156,157.0,116763.60254273999,0.0,116763.60254273999,1.0,2910,0,0
157,158.0,117650.59437162385,0.0,117650.59437162385,1.0,2910,0,0
158,159.0,118444.9130496937,0.0,118444.9130496937,1.0,2910,0,0
159,160.0,119134.97918778613,0.0,119134.97918778613,1.0,2910,0,0
160,161.0,119947.36789006155,0.0,119947.36789006155,1.0,2910,0,0
161,162.0,120788.19077865884,0.0,120788.19077865884,1.0,2910,0,0
162,163.0,121647.24479835495,0.0,121647.24479835495,1.0,2910,0,0
163,164.0,122246.72917378882,0.0,122246.72917378882,1.0,2910,0,0
164,165.0,122825.08948438238,0.0,122825.08948438238,1.0,2910,0,0
165,166.0,123518.64430771115,0.0,123518.64430771115,1.0,2910,0,0
166,167.0,124258.8787918994,0.0,124258.8787918994,1.0,2910,0,0
167,168.0,124961.75605018521,0.0,124961.75605018521,1.0,2910,0,0
168,169.0,125827.54257118037,0.0,125827.54257118037,1.0,2910,0,0
169,170.0,126623.38081683236,0.0,126623.38081683236,1.0,2910,0,0
170,171.0,127437.38239248627,0.0,127437.38239248627,1.0,2910,0,0
171,172.0,128096.58709349015,0.0,128096.58709349015,1.0,2910,0,0
172,173.0,128876.80891929887,0.0,128876.80891929887,1.0,2910,0,0
173,174.0,129682.76964904633,0.0,129682.76964904633,1.0,2910,0,0
174,175.0,130438.95111757106,0.0,130438.95111757106,1.0,2910,0,0
175,176.0,131226.30340095758,0.0,131226.30340095758,1.0,2910,0,0
176,177.0,132064.06725522366,0.0,132064.06725522366,1.0,2910,0,0
177,178.0,132836.73786387793,0.0,132836.73786387793,1.0,2910,0,0
178,179.0,133720.87769997973,0.0,133720.87769997973,1.0,2910,0,0
179,180.0,134601.07302488384,0.0,134601.07302488384,1.0,2910,0,0
180,181.0,135274.16405493987,0.0,135274.16405493987,1.0,2910,0,0
181,182.0,135918.17980405933,0.0,135918.17980405933,1.0,2910,0,0
182,183.0,136651.8079264889,0.0,136651.8079264889,1.0,2910,0,0
183,184.0,137427.6515799486,0.0,137427.6515799486,1.0,2910,0,0
184,185.0,138238.3550975534,0.0,138238.3550975534,1.0,2910,0,0
185,186.0,138766.21628729824,0.0,138766.21628729824,1.0,2910,0,0
186,187.0,139578.5574732184,0.0,139578.5574732184,1.0,2910,0,0
187,188.0,140488.01662410932,0.0,140488.01662410932,1.0,2910,0,0
188,189.0,141295.98794527852,0.0,141295.98794527852,1.0,2910,0,0
189,190.0,142122.31043054583,0.0,142122.31043054583,1.0,2910,0,0
190,191.0,142841.77629631045,0.0,142841.77629631045,1.0,2910,0,0
191,192.0,143461.59565557388,0.0,143461.59565557388,1.0,2910,0,0
192,193.0,144104.33257704653,0.0,144104.33257704653,1.0,2910,0,0
193,194.0,144810.67126798787,0.0,144810.67126798787,1.0,2910,0,0
194,195.0,145499.07582630462,0.0,145499.07582630462,1.0,2910,0,0
195,196.0,146381.72816411327,0.0,146381.72816411327,1.0,2910,0,0
196,197.0,146984.22029183953,0.0,146984.22029183953,1.0,2910,0,0
197,198.0,147757.86442437975,0.0,147757.86442437975,1.0,2910,0,0
198,199.0,148449.59027828026,0.0,148449.59027828026,1.0,2910,0,0
199,200.0,149136.21950859146,0.0,149136.21950859146,1.0,2910,0,0
200,201.0,149848.21579924307,0.0,149848.21579924307,1.0,2910,0,0
201,202.0,150558.6419184952,0.0,150558.6419184952,1.0,2910,0,0
202,203.0,151054.4917326542,0.0,151054.4917326542,1.0,2910,0,0
203,204.0,151806.93507642313,0.0,151806.93507642313,1.0,2910,0,0
204,205.0,152533.34932508756,0.0,152533.34932508756,1.0,2910,0,0
205,206.0,153304.54138480657,0.0,153304.54138480657,1.0,2910,0,0
206,207.0,154129.4756244205,0.0,154129.4756244205,1.0,2910,0,0
207,208.0,154652.3716513719,0.0,154652.3716513719,1.0,2910,0,0
208,209.0,155307.99729840795,0.0,155307.99729840795,1.0,2910,0,0
209,210.0,156013.29524669272,0.0,156013.29524669272,1.0,2910,0,0
210,211.0,156678.62702644753,0.0,156678.62702644753,1.0,2910,0,0
211,212.0,157218.8402194552,0.0,157218.8402194552,1.0,2910,0,0
212,213.0,157814.42838485428,0.0,157814.42838485428,1.0,2910,0,0
213,214.0,158552.15950161242,0.0,158552.15950161242,1.0,2910,0,0
214,215.0,159116.55661832154,0.0,159116.55661832154,1.0,2910,0,0
215,216.0,159911.82795807603,0.0,159911.82795807603,1.0,2910,0,0
216,217.0,160733.20395803865,0.0,160733.20395803865,1.0,2910,0,0
217,218.0,161369.03998889893,0.0,161369.03998889893,1.0,2910,0,0
218,219.0,162059.7295339441,0.0,162059.7295339441,1.0,2910,0,0
219,220.0,162817.85861566453,0.0,162817.85861566453,1.0,2910,0,0
220,221.0,163323.80444604118,0.0,163323.80444604118,1.0,2910,0,0
221,222.0,163849.25476479452,0.0,163849.25476479452,1.0,2910,0,0
222,223.0,164406.0558718574,0.0,164406.0558718574,1.0,2910,0,0
223,224.0,164950.07782737806,0.0,164950.07782737806,1.0,2910,0,0
224,225.0,165403.5148042438,0.0,165403.5148042438,1.0,2910,0,0
225,226.0,166019.97795131203,0.0,166019.97795131203,1.0,2910,0,0
226,227.0,166614.54767495382,0.0,166614.54767495382,1.0,2910,0,0
227,228.0,167127.9459019118,0.0,167127.9459019118,1.0,2910,0,0
228,229.0,167615.23881271377,0.0,167615.23881271377,1.0,2910,0,0
229,230.0,168184.92610660626,0.0,168184.92610660626,1.0,2910,0,0
230,231.0,168630.90789880865,0.0,168630.90789880865,1.0,2910,0,0
231,232.0,169195.6450573249,0.0,169195.6450573249,1.0,2910,0,0
232,233.0,169891.75580659154,0.0,169891.75580659154,1.0,2910,0,0
233,234.0,170400.94767469872,0.0,170400.94767469872,1.0,2910,0,0
234,235.0,171218.6283590671,0.0,171218.6283590671,1.0,2910,0,0
235,236.0,171722.42834256648,0.0,171722.42834256648,1.0,2910,0,0
236,237.0,172369.83025444922,0.0,172369.83025444922,1.0,2910,0,0
237,238.0,173142.47853922273,0.0,173142.47853922273,1.0,2910,0,0
238,239.0,173605.08035590846,0.0,173605.08035590846,1.0,2910,0,0
239,240.0,174082.0964857757,0.0,174082.0964857757,1.0,2910,0,0
240,241.0,174751.51017099433,0.0,174751.51017099433,1.0,2910,0,0
241,242.0,175415.1587141813,0.0,175415.1587141813,1.0,2910,0,0
242,243.0,175891.7241772834,0.0,175891.7241772834,1.0,2910,0,0
243,244.0,176371.36959540495,0.0,176371.36959540495,1.0,2910,0,0
244,245.0,176729.50646992924,0.0,176729.50646992924,1.0,2910,0,0
245,246.0,177338.80504843628,0.0,177338.80504843628,1.0,2910,0,0
246,247.0,177971.07861420902,0.0,177971.07861420902,1.0,2910,0,0
247,248.0,178528.9621379421,0.0,178528.9621379421,1.0,2910,0,0
248,249.0,179003.877800278,0.0,179003.877800278,1.0,2910,0,0
249,250.0,179552.02689626947,0.0,179552.02689626947,1.0,2910,0,0
250,251.0,179973.8538756987,0.0,179973.8538756987,1.0,2910,0,0
251,252.0,180696.76648488198,0.0,180696.76648488198,1.0,2910,0,0
252,253.0,181265.58925418588,0.0,181265.58925418588,1.0,2910,0,0
253,254.0,181792.98454293294,0.0,181792.98454293294,1.0,2910,0,0
254,255.0,182395.26870478856,0.0,182395.26870478856,1.0,2910,0,0
255,256.0,182753.81225349865,0.0,182753.81225349865,1.0,2910,0,0
256,257.0,183035.58391012117,0.0,183035.58391012117,1.0,2910,0,0
257,258.0,183333.449633218,0.0,183333.449633218,1.0,2910,0,0
258,259.0,183868.0114055277,0.0,183868.0114055277,1.0,2910,0,0
259,260.0,184357.1785446858,0.0,184357.1785446858,1.0,2910,0,0
260,261.0,184959.47197030645,0.0,184959.47197030645,1.0,2910,0,0
261,262.0,185555.05994688824,0.0,185555.05994688824,1.0,2910,0,0
262,263.0,185830.01237747696,0.0,185830.01237747696,1.0,2910,0,0
263,264.0,186423.8766661687,0.0,186423.8766661687,1.0,2910,0,0
264,265.0,186775.35748932802,0.0,186775.35748932802,1.0,2910,0,0
265,266.0,187242.0367615653,0.0,187242.0367615653,1.0,2910,0,0
266,267.0,187826.65197260692,0.0,187826.65197260692,1.0,2910,0,0
267,268.0,188322.69933603238,0.0,188322.69933603238,1.0,2910,0,0
268,269.0,188818.60326945997,0.0,188818.60326945997,1.0,2910,0,0
269,270.0,189513.009784999,0.0,189513.009784999,1.0,2910,0,0
270,271.0,188142.66556832913,0.0,188142.66556832913,1.0,2910,0,0
271,272.0,183520.58674849517,0.0,183520.58674849517,1.0,2910,0,0
272,273.0,183845.53471679342,0.0,183845.53471679342,1.0,2910,0,0
273,274.0,184495.13703883963,0.0,184495.13703883963,1.0,2910,0,0
274,275.0,184813.98987893516,0.0,184813.98987893516,1.0,2910,0,0
275,276.0,185378.65790893458,0.0,185378.65790893458,1.0,2910,0,0
276,277.0,185980.1044665876,0.0,185980.1044665876,1.0,2910,0,0
277,278.0,186530.1031424967,0.0,186530.1031424967,1.0,2910,0,0
278,279.0,187075.1346934619,0.0,187075.1346934619,1.0,2910,0,0
279,280.0,187738.14047546196,0.0,187738.14047546196,1.0,2910,0,0
280,281.0,188573.33978984324,0.0,188573.33978984324,1.0,2910,0,0
281,282.0,190055.36211072048,995.9359682950995,189059.4261424254,1.0,2910,0,0
282,283.0,204172.90819547093,14282.646817320223,189890.26137815072,1.0,2913,0,0
283,284.0,215960.525666809,25329.253978970475,190631.27168783863,1.0,2940,0,0
284,285.0,215905.53542341886,24741.988957174337,191163.54646624444,1.0,2992,0,0
285,286.0,215876.59783560742,24064.33961455558,191812.25822105183,1.0,3052,0,0
286,287.0,216010.54653002974,23545.326158117496,192465.22037191218,1.0,3098,0,0
287,288.0,215610.87319848593,22766.106478580776,192844.7667199052,1.0,3167,0,0
288,289.0,215646.60108130582,22077.606283045763,193568.99479826022,1.0,3228,0,0
289,290.0,215760.15948093624,21468.50689458724,194291.652586349,1.0,3282,0,0
290,291.0,215741.26252368913,20904.86267806003,194836.39984562897,1.0,3332,0,0
291,292.0,215883.23612557063,20375.342865996383,195507.89325957434,1.0,3379,0,0
292,293.0,215962.53845063096,19868.63571965784,196093.90273097318,1.0,3424,0,0
293,294.0,215988.10310766334,19407.401193572594,196580.7019140907,1.0,3465,0,0
294,295.0,215956.1349558413,18889.662860150947,197066.47209569023,1.0,3511,0,0
295,296.0,216024.4367917432,18485.41266356025,197539.02412818294,1.0,3547,0,0
296,297.0,216042.11143715243,18069.97113107259,197972.1403060799,1.0,3584,0,0
297,298.0,216296.39012661309,17529.973581521328,198766.4165450918,1.0,3632,0,0
298,299.0,216738.78446847398,17228.216286458774,199510.56818201527,1.0,3659,0,0
299,300.0,216805.52868681628,16779.171486686617,200026.3572001297,1.0,3699,0,0
300,301.0,216933.4020347067,16398.333802277273,200535.06823242945,1.0,3733,0,0
301,302.0,217133.5720084238,16051.658489723832,201081.91351870002,1.0,3764,0,0
302,303.0,217200.14643813693,15523.404198843822,201676.74223929315,1.0,3811,0,0
303,304.0,216579.59339374182,15086.048405598887,201493.54498814288,1.0,3850,0,0
304,305.0,216165.35432999997,14739.610186851502,201425.74414314848,1.0,3881,0,0
305,306.0,216324.32895960961,14313.677333771702,202010.65162583796,1.0,3919,0,0
306,307.0,216529.8380593666,13887.719540280574,202642.11851908607,1.0,3957,0,0
307,308.0,216789.1298958623,13518.645878624226,203270.48401723808,1.0,3990,0,0
308,309.0,216625.65642491393,13172.296338484215,203453.36008642972,1.0,4021,0,0
309,310.0,216651.9216441093,12723.490210937729,203928.43143317156,1.0,4061,0,0
310,311.0,216764.1179837587,12365.722273906365,204398.39570985234,1.0,4093,0,0
311,312.0,216814.6799162801,11950.822297703307,204863.8576185767,1.0,4130,0,0
312,313.0,217087.379077499,11615.68561755881,205471.6934599403,1.0,4160,0,0
313,314.0,216505.67633073864,11291.912120371251,205213.76421036746,1.0,4189,0,0
314,315.0,217358.5471317863,12236.648998479464,205121.89813330676,1.0,4208,0,0
315,316.0,220318.71230581263,15331.263110038155,204987.44919577448,1.0,4235,0,0
316,317.0,219546.16906460427,14909.487731981955,204636.68133262242,1.0,4297,0,0
317,318.0,219030.24690557626,14506.56177830839,204523.68512726796,1.0,4333,0,0
318,319.0,218177.067103222,14126.857298700135,204050.20980452187,1.0,4367,0,0
319,320.0,218622.56489863415,13883.856315357647,204738.7085832765,1.0,4389,0,0
320,321.0,218971.80395274353,13549.510928863558,205422.29302388005,1.0,4419,0,0
321,322.0,219108.84215688152,13158.144119840097,205950.69803704147,1.0,4454,0,0
322,323.0,217879.7665582815,12777.93816200955,205101.82839627194,1.0,4488,0,0
323,324.0,218521.6076056725,12738.894128768035,205782.71347690455,1.0,4513,0,0
324,325.0,221132.5033579016,14884.290498355957,206248.2128595455,1.0,4538,0,0
325,326.0,223182.24701674463,16620.173002338168,206562.07401440648,1.0,4573,0,0
326,327.0,225416.96600394344,18491.82560963094,206925.1403943126,1.0,4616,0,0
327,328.0,227339.2992252538,19911.72876242661,207427.57046282728,1.0,4656,0,0
328,329.0,229586.16088142054,21545.364800680647,208040.79608073988,1.0,4711,0,0
329,330.0,231473.40011918166,22932.67286742369,208540.72725175804,1.0,4760,0,0
330,331.0,232304.62773964202,23210.627707561238,209094.0000320808,1.0,4817,0,0
331,332.0,232199.8100071189,22661.523112997376,209538.28689412161,1.0,4866,0,0
332,333.0,231970.28428366582,21885.05445356846,210085.22983009747,1.0,4935,0,0
333,334.0,234026.5983811287,23396.56906601861,210630.02931511,1.0,4988,0,0
334,335.0,236015.33626955928,25169.936188001986,210845.40008155737,1.0,5041,0,0
335,336.0,235168.3346489926,24485.77726780872,210682.5573811839,1.0,5102,0,0
336,337.0,234360.12880308222,23745.092374818094,210615.03642826417,1.0,5168,0,0
337,338.0,234437.3280714448,23139.603908390167,211297.72416305463,1.0,5222,0,0
338,339.0,234479.99671089664,22603.27989351839,211876.71681737815,1.0,5270,0,0
339,340.0,234484.48062964826,21930.362418513934,212554.11821113437,1.0,5330,0,0
340,341.0,234228.42045212348,21268.53359063239,212959.88686149113,1.0,5389,0,0
341,342.0,233735.86266134528,20754.06918336355,212981.79347798182,1.0,5435,0,0
342,343.0,233252.59303500783,20033.080409909307,213219.51262509843,1.0,5499,0,0
343,344.0,233160.68465676167,19494.305568385294,213666.37908837642,1.0,5547,0,0
344,345.0,233055.32542083968,18888.438635760824,214166.88678507885,1.0,5601,0,0
345,346.0,233428.35441507027,18489.189808352774,214939.16460671742,1.0,5637,0,0
346,347.0,233238.60047148145,18077.038031111944,215161.56244036957,1.0,5674,0,0
347,348.0,232821.18303080596,17618.85880205667,215202.3242287493,1.0,5715,0,0
348,349.0,232880.9891644547,17137.250382359074,215743.73878209558,1.0,5758,0,0
349,350.0,232821.672643567,16761.994609450485,216059.67803411646,1.0,5792,0,0
350,351.0,233018.49469245592,16371.743859344837,216646.75083311103,1.0,5827,0,0
351,352.0,233055.05381278088,15994.760549838506,217060.29326294234,1.0,5861,0,0
352,353.0,232744.63914477552,15443.621860452375,217301.01728432314,1.0,5910,0,0
353,354.0,232865.92711195615,15045.869186734943,217820.0579252213,1.0,5946,0,0
354,355.0,232864.12069094682,14587.790514937977,218276.33017600895,1.0,5987,0,0
355,356.0,232990.0933960361,14254.437919397338,218735.65547663884,1.0,6017,0,0
356,357.0,233286.1489384495,13858.218776954525,219427.93016149505,1.0,6052,0,0
357,358.0,233276.0071889339,13511.256352384811,219764.75083654915,1.0,6083,0,0
358,359.0,232140.69097462745,13140.985894045916,218999.7050805816,1.0,6116,0,0
359,360.0,231461.34320576536,12805.002679469702,218656.34052629568,1.0,6146,0,0
360,361.0,231335.6255254322,12471.162737110024,218864.46278832213,1.0,6176,0,0
361,362.0,231415.18187182056,12229.476492719354,219185.70537910113,1.0,6198,0,0
362,363.0,231143.93173612122,11879.938696605888,219263.99303951542,1.0,6229,0,0
363,364.0,231333.83150799398,11577.522446383704,219756.30906161043,1.0,6256,0,0
364,365.0,231420.94198647773,11296.802062693392,220124.13992378436,1.0,6281,0,0
365,1.0,231629.4370817846,11086.128974820484,220543.30810696413,1.0,6300,0,0
366,2.0,231853.98739251835,10833.514854656734,221020.47253786144,1.0,6323,0,0
367,3.0,231652.87985800067,10639.733289849393,221013.14656815122,1.0,6341,0,0
368,4.0,231125.45290105746,10408.265945871752,220717.1869551857,1.0,6362,0,0
369,5.0,231086.79706527144,10263.355680124392,220823.4413851471,1.0,6391,0,0
370,6.0,233954.40694125026,13447.716115757456,220506.69082549284,1.0,6416,0,0
371,7.0,233541.2232201823,13767.675930445448,219773.54728973683,1.0,6437,0,0
372,8.0,233313.64312211558,13325.462181973222,219988.18094014234,1.0,6476,0,0
373,9.0,232176.43579052167,12968.802112827798,219207.63367769384,1.0,6508,0,0
374,10.0,232234.86990351698,12690.99116391336,219543.8787396037,1.0,6533,0,0
375,11.0,232433.5962733375,12436.873010398725,219996.7232629388,1.0,6556,0,0
376,12.0,232488.69397314906,12040.922489983353,220447.77148316568,1.0,6591,0,0
377,13.0,232567.58793128945,11794.881904319194,220772.7060269702,1.0,6613,0,0
378,14.0,231368.2597585164,11484.258305817528,219884.00145269907,1.0,6640,0,0
379,15.0,231847.29499396269,11397.237082062718,220450.0579119001,1.0,6665,0,0
380,16.0,233964.79969946074,12894.056453990102,221070.74324547066,1.0,6691,0,0
381,17.0,235897.99427241256,14328.168942114884,221569.82533029758,1.0,6721,0,0
382,18.0,238468.8787613529,16655.348309141034,221813.5304522119,1.0,6759,0,0
383,19.0,240388.59892314166,17958.367118581205,222430.23180456052,1.0,6796,0,0
384,20.0,243116.61300943646,20441.01108915115,222675.6019202854,1.0,6830,0,0
385,21.0,244503.02335547862,21281.4676103246,223221.55574515404,1.0,6871,0,0
386,22.0,244162.56882373884,20841.184785811864,223321.384037927,1.0,6910,0,0
387,23.0,244075.5187119515,20334.088529833956,223741.4301821175,1.0,6955,0,0
388,24.0,243416.8339848546,19710.582438089044,223706.25154676547,1.0,7010,0,0
389,25.0,245133.77963385853,20960.58137852858,224173.1982553299,1.0,7055,0,0
390,26.0,246818.9297386355,22563.248960534773,224255.68077810068,1.0,7101,0,0
391,27.0,246482.79014405483,21955.664917763723,224527.1252262911,1.0,7155,0,0
392,28.0,246207.83192722895,21343.21470140194,224864.61722582695,1.0,7209,0,0
393,29.0,245854.6637960754,20790.42939282502,225064.2344032503,1.0,7258,0,0
394,30.0,245652.80856896224,20262.808404896437,225390.0001640658,1.0,7305,0,0
395,31.0,245477.3000850746,19767.63371874469,225709.66636632985,1.0,7349,0,0
396,32.0,245177.86334303668,19147.731773971296,226030.1315690654,1.0,7404,0,0
397,33.0,244625.1879728689,18609.596427362165,226015.59154550673,1.0,7451,0,0
398,34.0,244838.36373288793,18183.091908795042,226655.27182409292,1.0,7489,0,0
399,35.0,244808.69926137483,17784.911931258983,227023.7873301158,1.0,7525,0,0
400,36.0,244534.36149560724,17412.191970414242,227122.169525193,1.0,7558,0,0
401,37.0,244429.48402792556,17009.40439892718,227420.07962899838,1.0,7594,0,0
402,38.0,244016.05919062922,16697.575863574883,227318.48332705442,1.0,7622,0,0
403,39.0,243928.4539418255,16317.904438960806,227610.5495028648,1.0,7656,0,0
404,40.0,243658.98982987241,15963.025088737792,227695.96474113455,1.0,7688,0,0
405,41.0,243295.44894908945,15655.432517050143,227640.0164320393,1.0,7716,0,0
406,42.0,242306.89688068567,15151.87055174974,227155.0263289359,1.0,7760,0,0
407,43.0,241537.1955364989,14807.314857790723,226729.88067870826,1.0,7791,0,0
408,44.0,241502.58898682706,14360.426908027552,227142.1620787995,1.0,7830,0,0
409,45.0,241018.11096737237,13946.721807234699,227071.38916013762,1.0,7867,0,0
410,46.0,241118.55132845408,13644.735940213972,227473.81538824012,1.0,7894,0,0
411,47.0,240623.51989421222,13300.712715676076,227322.80717853617,1.0,7925,0,0
412,48.0,240338.5894173912,12969.150092711758,227369.43932467952,1.0,7954,0,0
413,49.0,240324.2910689967,12705.144018821029,227619.1470501756,1.0,7978,0,0
414,50.0,240027.64878898126,12228.485935202836,227799.16285377843,1.0,8019,0,0
415,51.0,239366.416112631,11785.01929283298,227581.39681979804,1.0,8058,0,0
416,52.0,239282.64180783802,11457.016457809046,227825.62535002903,1.0,8087,0,0
417,53.0,238953.26043542864,11488.916504143193,227464.34393128546,1.0,8107,0,0
418,54.0,240804.46258838841,14233.506788349168,226570.95580003926,1.0,8135,0,0
419,55.0,241049.91736280732,14381.676615257482,226668.24074754983,1.0,8167,0,0
420,56.0,240196.91254113708,14073.142455152298,226123.7700859848,1.0,8194,0,0
421,57.0,238966.4562072275,13569.010398840546,225397.4458083871,1.0,8238,0,0
422,58.0,239028.86261933157,13267.444307263548,225761.41831206813,1.0,8265,0,0
423,59.0,238807.81583960826,12968.02366584392,225839.79217376426,1.0,8292,0,0
424,60.0,238948.63638196187,12674.725550798987,226273.9108311629,1.0,8318,0,0
425,61.0,237620.6405532674,12315.495990886637,225305.14456238088,1.0,8350,0,0
426,62.0,237867.62384020758,12135.472333527418,225732.15150668015,1.0,8376,0,0
427,63.0,239529.93455074733,13443.775779432312,226086.15877131512,1.0,8408,0,0
428,64.0,240848.22640342318,14702.028407344307,226146.19799607884,1.0,8437,0,0
429,65.0,242919.9241658167,16641.59844856863,226278.32571724794,1.0,8465,0,0
430,66.0,244429.70943503914,17956.94365607851,226472.7657789606,1.0,8505,0,0
431,67.0,245794.04784829076,18982.406622102055,226811.64122618872,1.0,8545,0,0
432,68.0,247296.47965940603,20074.51394068354,227221.96571872247,1.0,8588,0,0
433,69.0,247594.78431065852,20177.714197694153,227417.07011296434,1.0,8638,0,0
434,70.0,247209.68736057938,19601.463816626532,227608.22354395292,1.0,8688,0,0
435,71.0,247161.85405196843,19150.680904166053,228011.17314780236,1.0,8728,0,0
436,72.0,248270.2462016396,20228.300321376097,228041.94588026346,1.0,8774,0,0
437,73.0,249891.6873111893,21678.146500870942,228213.54081031843,1.0,8816,0,0
438,74.0,249588.84028098334,21126.107077172583,228462.73320381079,1.0,8865,0,0
439,75.0,249482.05957706174,20635.97019919697,228846.08937786473,1.0,8909,0,0
440,76.0,249168.39338648558,20082.454282758372,229085.93910372714,1.0,8958,0,0
441,77.0,248580.22624955545,19480.774739405635,229099.45151014975,1.0,9011,0,0
442,78.0,248156.58940143796,19040.837679282733,229115.75172215523,1.0,9050,0,0
443,79.0,247776.2269423392,18585.09880849519,229191.12813384397,1.0,9090,0,0
444,80.0,247720.52485331375,18158.282781985745,229562.242071328,1.0,9128,0,0
445,81.0,247608.46359645916,17746.709716379337,229861.75388007986,1.0,9165,0,0
446,82.0,247544.6536620707,17383.512217967407,230161.14144410333,1.0,9198,0,0
447,83.0,247279.94477399433,16899.16371263312,230380.78106136128,1.0,9241,0,0
448,84.0,246653.31953336386,16492.085630900838,230161.23390246302,1.0,9277,0,0
449,85.0,245592.56939553877,16114.737941605861,229477.83145393291,1.0,9311,0,0
450,86.0,244983.8656932167,15674.397162656103,229309.46853056073,1.0,9350,0,0
451,87.0,244682.58577844122,15244.504454311838,229438.08132412948,1.0,9388,0,0
452,88.0,244591.21406612275,14798.12749583576,229793.08657028698,1.0,9427,0,0
453,89.0,244537.77958363376,14469.270070894909,230068.50951273873,1.0,9456,0,0
454,90.0,244728.75629412243,14155.754521833514,230573.00177228896,1.0,9484,0,0
455,91.0,244499.42276243895,13810.18436436307,230689.23839807592,1.0,9514,0,0
456,92.0,243906.29661359006,13411.029428574926,230495.26718501508,1.0,9549,0,0
457,93.0,243631.020644931,13101.177258274814,230529.8433866562,1.0,9576,0,0
458,94.0,243549.32512748466,12760.07660638704,230789.24852109764,1.0,9606,0,0
459,95.0,243592.57397092925,12627.422837829547,230965.15113309975,1.0,9635,0,0
460,96.0,245845.04564978823,15095.663882989727,230749.38176679847,1.0,9656,0,0
461,97.0,246207.23916867847,15283.66322081889,230923.57594785956,1.0,9687,0,0
462,98.0,245861.8008558454,15007.911489631406,230853.88936621396,1.0,9712,0,0
463,99.0,245964.70051049668,14629.124141149254,231335.57636934752,1.0,9745,0,0
464,100.0,245761.98739531,14188.779153790589,231573.2082415195,1.0,9784,0,0
465,101.0,245100.5049478598,13763.1717700854,231337.3331777744,1.0,9822,0,0
466,102.0,244631.06574758052,13298.463600424493,231332.60214715602,1.0,9863,0,0
467,103.0,244642.7593654673,13080.635751154758,231562.12361431256,1.0,9883,0,0
468,104.0,244271.99518391787,12794.504640385432,231477.49054353236,1.0,9908,0,0
469,105.0,244099.1578536417,12478.016059981874,231621.14179365974,1.0,9936,0,0
470,106.0,243848.33411677062,12246.24991677882,231602.0841999919,1.0,9957,0,0
471,107.0,243685.62252403097,11943.011873396665,231742.61065063425,1.0,9984,0,0
472,108.0,243644.45934087053,11768.588325399696,231875.87101547082,1.0,10000,0,0
473,109.0,243078.98250615734,11312.02763647888,231766.95486967833,1.0,10040,0,0
474,110.0,242727.29545615564,11075.809879634084,231651.4855765217,1.0,10060,0,0
475,111.0,242350.07190346016,10819.327274499587,231530.74462896062,1.0,10082,0,0
476,112.0,242480.90348880913,10663.221462901813,231817.68202590727,1.0,10096,0,0
477,113.0,242324.2001064518,10385.672330545014,231938.52777590687,1.0,10121,0,0
478,114.0,242115.9980767512,10141.021567751914,231974.9765089994,1.0,10143,0,0
479,115.0,242002.20872571997,9832.082458458524,232170.12626726154,1.0,10170,0,0
480,116.0,242132.405413935,9605.003171532644,232527.4022424023,1.0,10190,0,0
481,117.0,241984.80598071293,9430.613361981317,232554.19261873158,1.0,10206,0,0
482,118.0,241983.9711258724,9161.812370328407,232822.15875554402,1.0,10230,0,0
483,119.0,241773.8367775317,8849.192934879033,232924.64384265261,1.0,10257,0,0
484,120.0,241448.12640365347,8593.893128912114,232854.23327474136,1.0,10280,0,0
485,121.0,240980.118223797,8362.188955439362,232617.9292683577,1.0,10300,0,0
486,122.0,240645.4668841595,8102.248856935529,232543.21802722398,1.0,10322,0,0
487,123.0,240173.08717704576,7961.3321761487305,232211.75500089698,1.0,10335,0,0
488,124.0,240296.15949214183,7833.75384874688,232462.40564339494,1.0,10347,0,0
489,125.0,239882.71926292058,7590.477782191333,232292.24148072916,1.0,10368,0,0
490,126.0,239890.34251373904,7435.445980804875,232454.89653293413,1.0,10382,0,0
491,127.0,240027.8387892903,7160.638446054768,232867.20034323554,1.0,10405,0,0
492,128.0,239965.64003831867,6943.607275317337,233022.0327630014,1.0,10424,0,0
493,129.0,239967.2028663992,6790.855239701031,233176.34762669823,1.0,10438,0,0
494,130.0,239533.61782041282,6632.171627730865,232901.446192682,1.0,10452,0,0
495,131.0,239488.2763000542,6439.2997994042225,233048.97650065,1.0,10469,0,0
496,132.0,239629.3048923437,6263.604010875302,233365.70088146842,1.0,10484,0,0
497,133.0,239248.41828512825,6084.296529321697,233164.12175580653,1.0,10500,0,0
498,134.0,238912.06660704536,5952.827742649199,232959.2388643962,1.0,10512,0,0
499,135.0,238926.0589758351,5829.945518159032,233096.11345767605,1.0,10523,0,0
500,136.0,238912.46807886884,5596.439160801698,233316.0289180671,1.0,10542,0,0
501,137.0,238913.95182938204,5469.226938826689,233444.72489055523,1.0,10553,0,0
502,138.0,239028.0106811446,5366.758862976873,233661.25181816772,1.0,10562,0,0
503,139.0,238758.00488542157,5234.264260232593,233523.74062518906,1.0,10573,0,0
504,140.0,238539.60065945113,5071.18606804166,233468.4145914095,1.0,10587,0,0
505,141.0,238662.967186746,4986.535403632703,233676.4317831134,1.0,10594,0,0
506,142.0,238547.5704099589,4753.371711086907,233794.19869887197,1.0,10613,0,0
507,143.0,238186.96873913528,4630.890847491395,233556.07789164394,1.0,10623,0,0
508,144.0,237771.76027563363,4544.945834431946,233226.81444120168,1.0,10631,0,0
509,145.0,237494.09349653847,4425.332399169217,233068.76109736934,1.0,10641,0,0
510,146.0,237592.97183151531,4242.852666959551,233350.1191645558,1.0,10656,0,0
511,147.0,237746.1793546625,4117.130407901227,233629.0489467613,1.0,10667,0,0
512,148.0,237494.00666241342,4030.658363208629,233463.3482992048,1.0,10675,0,0
513,149.0,237703.09313831912,3967.555128291012,233735.53801002813,1.0,10681,0,0
514,150.0,237316.29899201525,3847.876216368897,233468.4227756463,1.0,10691,0,0
515,151.0,237226.5215444627,3756.315344085252,233470.20620037738,1.0,10699,0,0
516,152.0,236797.63996041793,3687.8618816493145,233109.7780787686,1.0,10705,0,0
517,153.0,236912.17363547627,3631.0034403831087,233281.17019509317,1.0,10710,0,0
518,154.0,236808.58014229222,3536.8604252701275,233271.71971702212,1.0,10717,0,0
519,155.0,236570.9900100448,3492.7888679835673,233078.20114206118,1.0,10721,0,0
520,156.0,236301.8556107874,3420.572010070085,232881.2836007174,1.0,10727,0,0
521,157.0,236408.77158497742,3363.7750826257216,233044.99650235169,1.0,10732,0,0
522,158.0,236490.53840029123,3286.617125332954,233203.9212749583,1.0,10738,0,0
523,159.0,236557.71295292545,3192.63824566188,233365.07470726361,1.0,10746,0,0
524,160.0,236346.95097427757,3101.6173173984907,233245.33365687905,1.0,10753,0,0
525,161.0,236328.19885087278,3019.779409206219,233308.4194416666,1.0,10760,0,0
526,162.0,236554.116579851,2910.4628298789025,233643.6537499721,1.0,10769,0,0
527,163.0,236654.9816893926,2860.8303954998923,233794.1512938927,1.0,10773,0,0
528,164.0,236665.52575260814,2817.7342571542404,233847.79149545386,1.0,10777,0,0
529,165.0,236803.92345014724,2719.77019154232,234084.1532586049,1.0,10785,0,0
530,166.0,236668.01280051025,2628.0686044469244,234039.94419606333,1.0,10793,0,0
531,167.0,236322.3117284693,2610.495937756434,233711.81579071286,1.0,10795,0,0
532,168.0,235920.8980329042,2539.6724733534256,233381.22555955077,1.0,10801,0,0
533,169.0,235928.38620025513,2507.9024913779062,233420.48370887726,1.0,10804,0,0
534,170.0,235798.1677688793,2435.9232616614668,233362.24450721787,1.0,10810,0,0
535,171.0,235988.49677152428,2404.3261064112285,233584.17066511302,1.0,10813,0,0
536,172.0,236392.8459678499,2398.358220269676,233994.48774758016,1.0,10814,0,0
537,173.0,236010.2950054603,2363.2678340459997,233647.02717141432,1.0,10817,0,0
538,174.0,236324.25922605227,2271.2203712671253,234053.03885478506,1.0,10824,0,0
539,175.0,235611.40995780053,2195.0478024710173,233416.36215532947,1.0,10830,0,0
540,176.0,235569.34975997798,2130.5483421203303,233438.80141785764,1.0,10835,0,0
541,177.0,235757.6137223201,2108.2254263936425,233649.3882959264,1.0,10837,0,0
542,178.0,235808.5413038012,2045.2116660753823,233763.3296377258,1.0,10842,0,0
543,179.0,235952.80315114334,1983.1169016003557,233969.68624954295,1.0,10847,0,0
544,180.0,235905.53262668115,1923.3755861542736,233982.15704052692,1.0,10852,0,0
545,181.0,235824.23676255916,1929.377595425701,233894.85916713352,1.0,10852,0,0
546,182.0,235236.9202464372,1910.523879100384,233326.3963673369,1.0,10854,0,0
547,183.0,235109.47105853548,1875.7904925465168,233233.68056598894,1.0,10857,0,0
548,184.0,235079.09639888653,1841.700495988624,233237.39590289793,1.0,10860,0,0
549,185.0,234876.50582724804,1833.236929021137,233043.26889822687,1.0,10861,0,0
550,186.0,235027.22339210295,1796.4039265021931,233230.81946560074,1.0,10864,0,0
551,187.0,234585.052800645,1649.978408597744,232935.07439204725,1.0,10874,0,0
552,188.0,234719.91576305951,1600.8576584902617,233119.05810456927,1.0,10878,0,0
553,189.0,234490.70050371488,1578.7433736189148,232911.95713009595,1.0,10880,0,0
554,190.0,234663.27201539758,1570.1866158186904,233093.08539957888,1.0,10881,0,0
555,191.0,234328.08568456353,1545.0185878569719,232783.06709670657,1.0,10883,0,0
556,192.0,233888.73447015992,1519.3574553140538,232369.37701484573,1.0,10885,0,0
557,193.0,233857.02069990605,1510.1246130029256,232346.89608690303,1.0,10886,0,0
558,194.0,233709.9585150658,1488.0788010872973,232221.87971397853,1.0,10888,0,0
559,195.0,233554.9332871239,1462.0901819609408,232092.84310516293,1.0,10890,0,0
560,196.0,233417.03502130412,1452.750219243691,231964.28480206043,1.0,10891,0,0
561,197.0,232967.4180978375,1431.5287644814632,231535.88933335603,1.0,10893,0,0
562,198.0,233119.61347715292,1421.87063551034,231697.74284164255,1.0,10894,0,0
563,199.0,233254.87319617547,1396.8758036192596,231857.99739255628,1.0,10896,0,0
564,200.0,233119.52211760968,1401.488358105064,231718.03375950467,1.0,10896,0,0
565,201.0,232858.50577237707,1385.5087405052109,231472.99703187184,1.0,10897,0,0
566,202.0,233040.5822527871,1315.2167390984453,231725.36551368865,1.0,10902,0,0
567,203.0,232966.74218348172,1290.7381267428227,231676.0040567389,1.0,10904,0,0
568,204.0,232920.702828787,1295.0202509210503,231625.6825778659,1.0,10904,0,0
569,205.0,232630.73457491223,1256.8106397628858,231373.9239351494,1.0,10907,0,0
570,206.0,231861.38373043886,1247.6336327544732,230613.7500976844,1.0,10908,0,0
571,207.0,231486.33502309924,1234.2312304869993,230252.10379261224,1.0,10909,0,0
572,208.0,231381.8070469712,1193.7488130866236,230188.05823388457,1.0,10912,0,0
573,209.0,230901.17136268245,1182.6253656164026,229718.54599706602,1.0,10913,0,0
574,210.0,230860.04728727535,1109.210018770249,229750.83726850507,1.0,10918,0,0
575,211.0,231069.5960158077,1084.3827806163206,229985.2132351914,1.0,10920,0,0
576,212.0,230980.11970999406,1064.262870211149,229915.85683978294,1.0,10921,0,0
577,213.0,230706.55485008136,1067.8160203713448,229638.73882971,1.0,10921,0,0
578,214.0,230399.90188818096,1042.849217320082,229357.05267086087,1.0,10923,0,0
579,215.0,230085.76126887393,1015.2045298910776,229070.5567389829,1.0,10925,0,0
580,216.0,230416.46075039599,1018.5877985100566,229397.87295188598,1.0,10925,0,0
581,217.0,230404.6541912957,989.2661997322033,229415.3879915636,1.0,10927,0,0
582,218.0,229996.13212362106,978.6719634333919,229017.46016018765,1.0,10928,0,0
583,219.0,230188.74580103141,951.1934489797036,229237.55235205172,1.0,10930,0,0
584,220.0,230086.03530749216,939.2030989586452,229146.83220853354,1.0,10931,0,0
585,221.0,229879.5305089734,928.3355413266427,228951.1949676468,1.0,10932,0,0
586,222.0,229558.82073839317,912.8947543579005,228645.92598403525,1.0,10933,0,0
587,223.0,229653.25001780482,897.3421282775598,228755.90788952724,1.0,10934,0,0
588,224.0,229555.21330209135,900.313877842452,228654.89942424884,1.0,10934,0,0
589,225.0,229597.19258332188,837.3224444267307,228759.87013889514,1.0,10938,0,0
590,226.0,229457.09792389473,804.1096643733983,228652.98825952134,1.0,10940,0,0
591,227.0,229176.8075449776,737.3649097881662,228439.44263518945,1.0,10944,0,0
592,228.0,229134.38745931236,701.5068787550538,228432.8805805573,1.0,10946,0,0
593,229.0,229099.82406232864,673.2586068746247,228426.565455454,1.0,10948,0,0
594,230.0,228620.42267055938,624.6391953018788,227995.7834752575,1.0,10951,0,0
595,231.0,228579.12645427024,596.0920449484174,227983.03440932187,1.0,10953,0,0
596,232.0,227826.20735731805,598.0544677401574,227228.15288957788,1.0,10953,0,0
597,233.0,227600.49400681007,600.021254797461,227000.47275201257,1.0,10953,0,0
598,234.0,227780.01684955228,587.3185289619489,227192.69832059034,1.0,10954,0,0
599,235.0,227760.527575073,589.2419963806303,227171.2855786924,1.0,10954,0,0
600,236.0,227845.01982508943,591.1691923361747,227253.85063275325,1.0,10954,0,0
601,237.0,227927.62299276533,593.1000006864499,227334.52299207883,1.0,10954,0,0
602,238.0,227455.45015338788,575.7352117482817,226879.7149416396,1.0,10955,0,0
603,239.0,227427.7601572938,577.6127225617386,226850.14743473203,1.0,10955,0,0
604,240.0,227183.30368265428,579.4935220622526,226603.81016059202,1.0,10955,0,0
605,241.0,227242.4192560746,566.3365374604996,226676.08271861405,1.0,10956,0,0
606,242.0,226975.33070896103,553.0757139265341,226422.25499503448,1.0,10957,0,0
607,243.0,226475.26728733777,523.2150727988113,225952.05221453897,1.0,10959,0,0
608,244.0,226204.67464421495,508.15987655638935,225696.51476765852,1.0,10960,0,0
609,245.0,226040.49412452636,493.16483598479056,225547.32928854157,1.0,10961,0,0
610,246.0,225421.35193718446,464.10362527728455,224957.24831190717,1.0,10963,0,0
611,247.0,225782.4762562192,439.9755938587711,225342.50066236046,1.0,10964,0,0
612,248.0,225842.30601748044,441.37743589850277,225400.92858158197,1.0,10964,0,0
613,249.0,225857.85053235234,398.71547736897134,225459.13505498337,1.0,10966,0,0
614,250.0,225917.09879588304,400.00450441074145,225517.0942914723,1.0,10966,0,0
615,251.0,225537.21029916537,401.2946471943488,225135.915651971,1.0,10966,0,0
616,252.0,225369.05576933426,402.58584179407177,224966.46992754017,1.0,10966,0,0
617,253.0,225398.7153110283,383.50024129584284,225015.21506973245,1.0,10967,0,0
618,254.0,225540.13167818025,366.5186697845449,225173.6130083957,1.0,10968,0,0
619,255.0,225344.9691888427,344.4772769420237,225000.4919119007,1.0,10969,0,0
620,256.0,225044.22782418682,329.7312818600591,224714.49654232673,1.0,10970,0,0
621,257.0,224534.14615031658,330.79496745215454,224203.35118286443,1.0,10970,0,0
622,258.0,224352.49542676783,331.8593013936022,224020.63612537415,1.0,10970,0,0
623,259.0,223840.63975672866,332.9242339638246,223507.7155227649,1.0,10970,0,0
624,260.0,223766.83664699923,333.98971611030424,223432.8469308889,1.0,10970,0,0
625,261.0,223578.33947935572,335.05569944773663,223243.283779908,1.0,10970,0,0
626,262.0,223612.52070255292,336.12213625689014,223276.398566296,1.0,10970,0,0
627,263.0,223311.8236448089,337.18897948318295,222974.6346653257,1.0,10970,0,0
628,264.0,223324.36120972925,321.93454533637794,223002.4266643928,1.0,10971,0,0
629,265.0,223128.54543196596,322.9443615446691,222805.60107042128,1.0,10971,0,0
630,266.0,222801.51118204158,305.67897017206053,222495.83221186954,1.0,10972,0,0
631,267.0,222491.02034070157,306.628858376839,222184.39148232475,1.0,10972,0,0
632,268.0,222268.59573901718,289.3635634831836,221979.23217553398,1.0,10973,0,0
633,269.0,222401.46528974586,290.2533493661619,222111.21194037964,1.0,10973,0,0
634,270.0,222062.10431753506,272.687189163602,221789.4171283715,1.0,10974,0,0
635,271.0,222078.60175556495,273.51660735705957,221805.08514820787,1.0,10974,0,0
636,272.0,218908.80010457034,274.345887950139,218634.45421662013,1.0,10974,0,0
637,273.0,214755.55782820706,275.1750018981904,214480.38282630887,1.0,10974,0,0
638,274.0,211611.13525966683,276.00392062661643,211335.1313390402,1.0,10974,0,0
639,275.0,207939.5464309236,276.8326160273065,207662.71381489633,1.0,10974,0,0
640,276.0,204496.98112603126,277.6610604549688,204219.3200655763,1.0,10974,0,0
641,277.0,201917.4260835317,278.4892267233671,201638.93685680837,1.0,10974,0,0
642,278.0,201847.33560709946,279.31708810146904,201568.01851899797,1.0,10974,0,0
643,279.0,201877.53196897756,280.14461830950853,201597.38735066802,1.0,10974,0,0
644,280.0,202117.42942208063,280.97179151497016,201836.45763056565,1.0,10974,0,0
645,281.0,202313.5521843059,238.79959596504546,202074.7525883409,1.0,10976,0,0
646,282.0,201902.66009051888,220.6918643498479,201681.968226169,1.0,10977,0,0
647,283.0,207727.7830287757,5914.594024423186,201813.18900435264,1.0,10977,0,0
648,284.0,218767.4123884659,16928.491496723436,201838.92089174243,1.0,10984,0,0
649,285.0,229495.61872165123,27739.18097683206,201756.43774481912,1.0,11024,0,0
650,286.0,239111.8520205296,37865.06767774609,201246.78434278345,1.0,11087,0,0
651,287.0,248988.51120164915,48043.11805095732,200945.39315069176,1.0,11175,0,0
652,288.0,257637.41931894328,56659.92404369788,200977.49527524543,1.0,11290,0,0
653,289.0,259717.88135325897,59052.27437316021,200665.60698009882,1.0,11424,0,0
654,290.0,258322.72702748264,57642.21219462389,200680.51483285875,1.0,11549,0,0
655,291.0,256469.91777755198,56200.77142284241,200269.14635470952,1.0,11676,0,0
656,292.0,255185.99850488346,54692.820086269596,200493.17841861382,1.0,11809,0,0
657,293.0,253456.17815731314,53272.55562940673,200183.62252790644,1.0,11935,0,0
658,294.0,251868.7992987226,51569.450956595785,200299.34834212676,1.0,12086,0,0
659,295.0,250349.30642009238,50149.855434495155,200199.45098559724,1.0,12212,0,0
660,296.0,249022.76933979354,48710.440230110864,200312.32910968273,1.0,12339,0,0
661,297.0,247456.9681827156,47461.60155056213,199995.3666321535,1.0,12449,0,0
662,298.0,245829.64751993102,46359.985018265026,199469.66250166597,1.0,12546,0,0
663,299.0,244518.32968060265,45372.10450270031,199146.22517790235,1.0,12642,0,0
664,300.0,243773.6423403046,45878.59312183835,197895.04921846624,1.0,12747,0,0
665,301.0,242207.8924369921,44981.883857986926,197226.00857900505,1.0,12857,0,0
666,302.0,240773.01594110206,43654.99128861439,197118.02465248771,1.0,12975,0,0
667,303.0,239366.50848996732,42328.3640101561,197038.14447981125,1.0,13093,0,0
668,304.0,238435.66371692283,41296.971680929724,197138.69203599312,1.0,13185,0,0
669,305.0,237488.4154583464,40140.90753757334,197347.50792077306,1.0,13288,0,0
670,306.0,236187.04706365557,39064.44187060284,197122.6051930527,1.0,13384,0,0
671,307.0,234352.62429812853,38052.86144372524,196299.76285440326,1.0,13473,0,0
672,308.0,233664.33913145395,37158.468599104985,196505.87053234898,1.0,13553,0,0
673,309.0,232331.2666534713,36266.04634543037,196065.2203080409,1.0,13634,0,0
674,310.0,232500.18891524567,36231.25194056264,196268.9369746831,1.0,13729,0,0
675,311.0,233114.08353443662,36966.52548495922,196147.55804947735,1.0,13821,0,0
676,312.0,232618.71925122477,36706.29601944467,195912.42323178012,1.0,13908,0,0
677,313.0,233155.79917649223,37260.356312667864,195895.44286382434,1.0,14004,0,0
678,314.0,233190.1068084417,37205.575206453184,195984.5316019885,1.0,14075,0,0
679,315.0,232712.48503383904,36859.07025649898,195853.41477734002,1.0,14142,0,0
680,316.0,231745.46204588423,35806.4745355294,195938.98751035478,1.0,14236,0,0
681,317.0,230817.56368432203,34971.82334002703,195845.74034429502,1.0,14310,0,0
682,318.0,230551.6464239342,35041.04756923132,195510.59885470284,1.0,14387,0,0
683,319.0,230658.08474494313,35280.74266741914,195377.34207752396,1.0,14463,0,0
684,320.0,229530.47583230815,34399.89919014115,195130.57664216703,1.0,14542,0,0
685,321.0,228662.88745437868,33450.15905328393,195212.72840109482,1.0,14627,0,0
686,322.0,227885.13579418405,32592.360741748525,195292.77505243552,1.0,14703,0,0
687,323.0,226922.26574888814,31881.99354806111,195040.27220082705,1.0,14767,0,0
688,324.0,226346.77487806085,31229.045803110184,195117.72907495068,1.0,14826,0,0
689,325.0,225230.00878895697,30255.64398338818,194974.36480556877,1.0,14913,0,0
690,326.0,224288.60142509057,29682.43314884202,194606.16827624856,1.0,14965,0,0
691,327.0,222769.3993614409,28822.13517909589,193947.26418234495,1.0,15042,0,0
692,328.0,222126.07488941064,28328.280261386884,193797.79462802375,1.0,15099,0,0
693,329.0,222442.33845148268,29191.472897269257,193250.86555421344,1.0,15161,0,0
694,330.0,221756.67224317166,28830.54658438611,192926.12565878555,1.0,15224,0,0
695,331.0,220909.72829076793,28244.745283714794,192664.9830070531,1.0,15277,0,0
696,332.0,219687.03472220537,27647.937581841736,192039.09714036365,1.0,15331,0,0
697,333.0,219058.23814492923,26950.19624629861,192108.0418986307,1.0,15394,0,0
698,334.0,218212.9235841257,26147.314841089636,192065.60874303608,1.0,15466,0,0
699,335.0,217721.40666629787,25478.940235100534,192242.46643119733,1.0,15526,0,0
700,336.0,216621.74166705518,24881.225377758718,191740.51628929644,1.0,15580,0,0
701,337.0,215959.86461308805,24154.699329223924,191805.16528386413,1.0,15645,0,0
702,338.0,215424.69445832126,23555.357023136126,191869.33743518507,1.0,15703,0,0
703,339.0,215844.32141581143,24022.586948261727,191821.7344675497,1.0,15746,0,0
704,340.0,215576.6032091967,24248.413752350916,191328.18945684578,1.0,15803,0,0
705,341.0,216034.15709009336,24868.32156783229,191165.83552226107,1.0,15865,0,0
706,342.0,216314.0576346917,24977.87883782851,191336.1787968632,1.0,15932,0,0
707,343.0,216967.85350509404,25573.676943742004,191394.17656135204,1.0,16002,0,0
708,344.0,216711.65917321708,25482.82321934276,191228.83595387434,1.0,16062,0,0
709,345.0,215740.3620076946,24790.76774229376,190949.59426540087,1.0,16124,0,0
710,346.0,214684.49071370577,24178.732371922026,190505.75834178377,1.0,16179,0,0
711,347.0,214659.01256312913,24401.06015761422,190257.9524055149,1.0,16241,0,0
712,348.0,215030.2554468559,24833.087384937073,190197.16806191884,1.0,16291,0,0
713,349.0,214245.67991882766,23998.948271466375,190246.73164736124,1.0,16365,0,0
714,350.0,213785.60304835913,23489.798007738504,190295.8050406206,1.0,16411,0,0
715,351.0,213095.97640198423,22864.24993362319,190231.72646836107,1.0,16467,0,0
716,352.0,212401.61058836937,22121.712316864992,190279.8982715044,1.0,16533,0,0
717,353.0,212004.19982700417,21564.738972839034,190439.4608541652,1.0,16583,0,0
718,354.0,211234.65491225576,21090.50068184141,190144.15423041434,1.0,16626,0,0
719,355.0,210463.25062818476,20554.99717916323,189908.25344902146,1.0,16674,0,0
720,356.0,209797.26417147543,20073.231396718707,189724.03277475672,1.0,16717,0,0
721,357.0,209402.40238080616,19637.09696727594,189765.3054135302,1.0,16767,0,0
722,358.0,209480.53284529812,20639.97157061125,188840.56127468686,1.0,16812,0,0
723,359.0,209316.1114858242,20434.76812150015,188881.34336432398,1.0,16857,0,0
724,360.0,208550.40950645288,19927.126416728042,188623.28308972484,1.0,16902,0,0
725,361.0,207913.44892364944,19400.0373302548,188513.41159339462,1.0,16949,0,0
726,362.0,207509.18738511973,18958.111753860554,188551.07563125924,1.0,16989,0,0
727,363.0,206951.36400548194,18474.08180763705,188477.28219784485,1.0,17032,0,0
728,364.0,206317.3716740939,17919.71748120831,188397.65419288556,1.0,17081,0,0
729,365.0,205224.1946104423,17433.21221969145,187790.98239075093,1.0,17124,0,0
730,1.0,204786.6944963008,17185.738642897504,187600.95585340323,1.0,17154,0,0
